撮影時間,現在の時間,スピード,スピード(単位),加速度,加速度(単位),方位,距離,距離(単位),標高,標高(単位),現在地コード（lat）緯度,現在地コード（lon）経度
0.0,2023-02-05_11:09:02,50.2,km/h,-0.1,G,318°NW,13.9,m,34.2,m,36.903596133129206,140.75493806688158
1.0,2023-02-05_11:09:03,50.8,km/h,0.1,G,318°NW,28.0,m,33.9,m,36.90367971448636,140.7548181524955
2.0,2023-02-05_11:09:04,51.3,km/h,0.1,G,318°NW,42.2,m,33.3,m,36.903761728930604,140.75469594014208
3.0,2023-02-05_11:09:05,51.4,km/h,0.0,G,317°NW,56.8,m,32.9,m,36.9038462648289,140.75457145305617
4.0,2023-02-05_11:09:06,50.5,km/h,-0.1,G,317°NW,70.7,m,32.1,m,36.90392616031459,140.75445105444018
5.0,2023-02-05_11:09:07,49.7,km/h,-0.1,G,317°NW,84.4,m,31.4,m,36.904006231558945,140.7543332321102
6.0,2023-02-05_11:09:08,48.2,km/h,-0.2,G,317°NW,97.6,m,29.8,m,36.9040831516402,140.7542199953332
7.0,2023-02-05_11:09:09,47.6,km/h,-0.1,G,317°NW,110.7,m,29.5,m,36.90415726641903,140.75410615186897
8.0,2023-02-05_11:09:10,48.3,km/h,0.1,G,317°NW,124.2,m,29.6,m,36.904236379274046,140.75399079522572
9.0,2023-02-05_11:09:11,49.6,km/h,0.1,G,316°NW,138.0,m,29.6,m,36.90431629420387,140.75387191731056
10.0,2023-02-05_11:09:12,51.2,km/h,0.2,G,316°NW,152.4,m,29.2,m,36.90439918321544,140.75374861195692
11.0,2023-02-05_11:09:13,53.4,km/h,0.2,G,315°NW,167.5,m,29.8,m,36.90448806994726,140.7536202901849
12.0,2023-02-05_11:09:14,55.4,km/h,0.2,G,314°NW,183.2,m,29.9,m,36.904576001727925,140.75348215308122
13.0,2023-02-05_11:09:15,57.3,km/h,0.2,G,314°NW,199.4,m,30.5,m,36.9046687824318,140.75334170443102
14.0,2023-02-05_11:09:16,59.2,km/h,0.2,G,313°NW,216.1,m,31.4,m,36.9047636273778,140.75319586937943
15.0,2023-02-05_11:09:17,60.2,km/h,0.1,G,314°NW,233.0,m,31.8,m,36.904862126178045,140.7530507662445
16.0,2023-02-05_11:09:18,61.6,km/h,0.1,G,313°NW,250.6,m,32.4,m,36.90496532443146,140.75290172705155
17.0,2023-02-05_11:09:19,62.7,km/h,0.1,G,312°NW,268.1,m,32.8,m,36.905066173168265,140.75274992621507
18.0,2023-02-05_11:09:20,63.2,km/h,0.1,G,311°NW,285.9,m,33.1,m,36.905166937214325,140.7525956749107
19.0,2023-02-05_11:09:21,63.4,km/h,0.0,G,312°NW,303.5,m,32.8,m,36.90526767989475,140.75244252036802
20.0,2023-02-05_11:09:22,63.3,km/h,-0.0,G,312°NW,321.1,m,32.6,m,36.9053699069082,140.7522912075882
21.0,2023-02-05_11:09:23,64.0,km/h,0.1,G,312°NW,339.1,m,33.6,m,36.90547512808663,140.75213811678796
22.0,2023-02-05_11:09:24,63.6,km/h,-0.0,G,312°NW,356.5,m,33.4,m,36.90557630478882,140.75198794999685
23.0,2023-02-05_11:09:25,64.1,km/h,0.1,G,312°NW,374.4,m,33.9,m,36.90567903568241,140.75183354108788
24.0,2023-02-05_11:09:26,64.3,km/h,0.0,G,312°NW,392.3,m,34.0,m,36.905781466614286,140.75167815417933
25.0,2023-02-05_11:09:27,63.3,km/h,-0.1,G,312°NW,409.7,m,34.5,m,36.90588235326341,140.75152980850424
26.0,2023-02-05_11:09:28,65.2,km/h,0.2,G,312°NW,428.2,m,33.9,m,36.905984886622626,140.75136568174003
27.0,2023-02-05_11:09:29,63.2,km/h,-0.2,G,312°NW,445.3,m,35.9,m,36.906085581142605,140.7512207440628
28.0,2023-02-05_11:09:30,63.7,km/h,0.1,G,312°NW,463.1,m,35.0,m,36.9061858445994,140.7510638344524
29.0,2023-02-05_11:09:31,63.4,km/h,-0.0,G,312°NW,480.6,m,35.5,m,36.90628654716507,140.7509128589659
30.0,2023-02-05_11:09:32,63.6,km/h,0.0,G,311°NW,498.3,m,36.5,m,36.90638642601104,140.7507582188791
31.0,2023-02-05_11:09:33,63.3,km/h,-0.0,G,311°NW,515.6,m,36.7,m,36.90648776555958,140.75061045208705
32.0,2023-02-05_11:09:34,63.4,km/h,0.0,G,311°NW,533.2,m,36.9,m,36.90658949963777,140.75045882184574
33.0,2023-02-05_11:09:35,63.3,km/h,-0.0,G,311°NW,550.7,m,36.6,m,36.906688934100444,140.75030697755363
34.0,2023-02-05_11:09:36,63.8,km/h,0.1,G,312°NW,568.5,m,36.9,m,36.90679277370806,140.75015450983923
35.0,2023-02-05_11:09:37,63.9,km/h,0.0,G,312°NW,586.3,m,36.7,m,36.906897940436814,140.75000323384955
36.0,2023-02-05_11:09:38,63.0,km/h,-0.1,G,312°NW,603.8,m,35.7,m,36.906988694722486,140.74984250200978
37.0,2023-02-05_11:09:39,62.9,km/h,-0.0,G,312°NW,621.5,m,35.6,m,36.90710180251316,140.74970162107562
38.0,2023-02-05_11:09:40,62.3,km/h,-0.1,G,313°NW,638.6,m,35.3,m,36.90720128413853,140.7495539233093
39.0,2023-02-05_11:09:41,61.8,km/h,-0.1,G,313°NW,655.6,m,34.9,m,36.90729852202663,140.74940753487272
40.0,2023-02-05_11:09:42,61.0,km/h,-0.1,G,312°NW,672.3,m,34.5,m,36.907395990475784,140.7492647872942
41.0,2023-02-05_11:09:43,60.4,km/h,-0.1,G,312°NW,689.0,m,33.7,m,36.907491618125725,140.7491193810097
42.0,2023-02-05_11:09:44,59.4,km/h,-0.1,G,311°NW,705.4,m,32.9,m,36.90758559874239,140.7489780398994
43.0,2023-02-05_11:09:45,59.5,km/h,0.0,G,311°NW,722.0,m,33.1,m,36.90767885055514,140.74883190627796
44.0,2023-02-05_11:09:46,59.7,km/h,0.0,G,311°NW,738.6,m,32.6,m,36.90777402511667,140.74868802099743
45.0,2023-02-05_11:09:47,59.0,km/h,-0.1,G,311°NW,754.8,m,32.5,m,36.90786611856482,140.74854674598623
46.0,2023-02-05_11:09:48,57.3,km/h,-0.2,G,311°NW,770.6,m,32.2,m,36.907954658954345,140.74840779444287
47.0,2023-02-05_11:09:49,55.6,km/h,-0.2,G,311°NW,785.7,m,31.4,m,36.90803927399308,140.7482750087832
48.0,2023-02-05_11:09:50,55.1,km/h,-0.1,G,310°NW,801.0,m,30.7,m,36.908126278727615,140.74814281865068
49.0,2023-02-05_11:09:51,55.0,km/h,-0.0,G,310°NW,816.2,m,30.8,m,36.90821447597194,140.74801119860746
50.0,2023-02-05_11:09:52,55.4,km/h,0.0,G,310°NW,831.8,m,30.5,m,36.90830129336296,140.74787455644937
51.0,2023-02-05_11:09:53,56.4,km/h,0.1,G,310°NW,847.6,m,30.3,m,36.90839128397648,140.7477370330856
52.0,2023-02-05_11:09:54,57.5,km/h,0.1,G,310°NW,863.7,m,30.2,m,36.90848213027304,140.74759653071703
53.0,2023-02-05_11:09:55,57.7,km/h,0.0,G,311°NW,879.8,m,30.0,m,36.90857423744729,140.74745683359657
54.0,2023-02-05_11:09:56,55.6,km/h,-0.2,G,311°NW,895.1,m,29.8,m,36.908663066688,140.74732476434124
55.0,2023-02-05_11:09:57,53.1,km/h,-0.3,G,312°NW,909.5,m,29.5,m,36.908746769665335,140.74720133864196
56.0,2023-02-05_11:09:58,51.8,km/h,-0.1,G,312°NW,923.8,m,29.4,m,36.9088297773986,140.74707821993115
57.0,2023-02-05_11:09:59,50.7,km/h,-0.1,G,312°NW,937.9,m,29.4,m,36.908912560694624,140.746959044503
58.0,2023-02-05_11:10:00,49.1,km/h,-0.2,G,312°NW,951.4,m,29.5,m,36.9089914218612,140.7468429475083
59.0,2023-02-05_11:10:01,47.7,km/h,-0.1,G,312°NW,964.5,m,29.2,m,36.90906888982553,140.7467328333299
60.0,2023-02-05_11:10:02,47.1,km/h,-0.1,G,312°NW,977.5,m,29.6,m,36.90914590980138,140.74662270205698
61.0,2023-02-05_11:10:03,47.1,km/h,0.0,G,312°NW,990.6,m,29.8,m,36.9092254980009,140.74651285377794
62.0,2023-02-05_11:10:04,46.9,km/h,-0.0,G,313°NW,1003.6,m,30.2,m,36.90929970964108,140.74640019629908
63.0,2023-02-05_11:10:05,46.5,km/h,-0.0,G,313°NW,1016.4,m,29.8,m,36.90937591147117,140.74629233034162
64.0,2023-02-05_11:10:06,46.6,km/h,0.0,G,311°NW,1029.3,m,29.6,m,36.90944683084186,140.74617821763488
65.0,2023-02-05_11:10:07,47.0,km/h,0.0,G,308°NW,1042.4,m,30.3,m,36.90952355935768,140.74606649096182
66.0,2023-02-05_11:10:08,47.7,km/h,0.1,G,306°NW,1055.8,m,30.3,m,36.90960045762243,140.74595011489552
67.0,2023-02-05_11:10:09,48.3,km/h,0.1,G,305°NW,1069.4,m,30.5,m,36.90967249038028,140.7458270870975
68.0,2023-02-05_11:10:10,48.9,km/h,0.1,G,304°NW,1082.9,m,30.7,m,36.90973754134859,140.74569649144559
69.0,2023-02-05_11:10:11,49.3,km/h,0.0,G,303°NW,1096.7,m,30.9,m,36.90980704141704,140.74556809771613
70.0,2023-02-05_11:10:12,48.7,km/h,-0.1,G,302°NW,1110.0,m,31.0,m,36.909870954624,140.74543998865852
71.0,2023-02-05_11:10:13,47.2,km/h,-0.2,G,301°NW,1122.8,m,31.1,m,36.909927217746244,140.74531187266248
72.0,2023-02-05_11:10:14,46.1,km/h,-0.1,G,300°NW,1135.4,m,31.1,m,36.909983634843954,140.7451865703858
73.0,2023-02-05_11:10:15,44.6,km/h,-0.2,G,299°NW,1147.3,m,30.8,m,36.91003586266612,140.74506625839035
74.0,2023-02-05_11:10:16,43.0,km/h,-0.2,G,298°NW,1158.9,m,31.1,m,36.91008903795133,140.74495349736986
75.0,2023-02-05_11:10:17,41.5,km/h,-0.2,G,297°NW,1169.2,m,31.5,m,36.91011436597296,140.74482953298923
76.0,2023-02-05_11:10:18,40.0,km/h,-0.2,G,295°NW,1179.9,m,31.6,m,36.910152337333564,140.74471456706132
77.0,2023-02-05_11:10:19,38.3,km/h,-0.2,G,294°NW,1189.9,m,31.2,m,36.91018894887743,140.744607059116
78.0,2023-02-05_11:10:20,37.0,km/h,-0.1,G,293°NW,1200.1,m,31.2,m,36.91023961488146,140.74451038400505
79.0,2023-02-05_11:10:21,36.0,km/h,-0.1,G,292°NW,1209.4,m,31.2,m,36.910267492147305,140.74440477222362
80.0,2023-02-05_11:10:22,35.6,km/h,-0.0,G,291°W,1218.1,m,31.6,m,36.91028101804109,140.74429421164007
81.0,2023-02-05_11:10:23,35.8,km/h,0.0,G,290°W,1228.1,m,31.6,m,36.91032514471048,140.7441947455469
82.0,2023-02-05_11:10:24,36.6,km/h,0.1,G,289°W,1237.6,m,32.0,m,36.91034916400601,140.74408348335282
83.0,2023-02-05_11:10:25,37.3,km/h,0.1,G,289°W,1247.4,m,32.0,m,36.910374132364716,140.7439685611954
84.0,2023-02-05_11:10:26,37.9,km/h,0.1,G,287°W,1257.3,m,32.5,m,36.910400039127666,140.74385324893512
85.0,2023-02-05_11:10:27,38.7,km/h,0.1,G,286°W,1266.3,m,32.7,m,36.91040606246251,140.7437317472196
86.0,2023-02-05_11:10:28,39.5,km/h,0.1,G,284°W,1276.3,m,33.0,m,36.91042450715704,140.7436089190184
87.0,2023-02-05_11:10:29,40.2,km/h,0.1,G,283°W,1287.2,m,33.2,m,36.91045968670278,140.74348818065084
88.0,2023-02-05_11:10:30,41.2,km/h,0.1,G,282°W,1297.3,m,33.4,m,36.91047434264514,140.74336007673722
89.0,2023-02-05_11:10:31,42.0,km/h,0.1,G,281°W,1307.6,m,33.3,m,36.91048819345491,140.743229536276
90.0,2023-02-05_11:10:32,42.5,km/h,0.1,G,280°W,1318.0,m,33.2,m,36.91050138270389,140.7430975284154
91.0,2023-02-05_11:10:33,44.3,km/h,0.2,G,279°W,1328.8,m,33.5,m,36.91051259658378,140.74295743057388
92.0,2023-02-05_11:10:34,45.8,km/h,0.2,G,276°W,1339.9,m,34.2,m,36.9105218889958,140.74281334898578
93.0,2023-02-05_11:10:35,47.1,km/h,0.1,G,273°W,1349.7,m,34.9,m,36.91050677413737,140.7426645559635
94.0,2023-02-05_11:10:36,48.0,km/h,0.1,G,273°W,1360.7,m,35.1,m,36.91050601002662,140.74251295691428
95.0,2023-02-05_11:10:37,48.8,km/h,0.1,G,272°W,1372.8,m,35.5,m,36.910518874720594,140.74235950932558
96.0,2023-02-05_11:10:38,49.7,km/h,0.1,G,270°W,1384.0,m,35.5,m,36.9105138888514,140.74220292436206
97.0,2023-02-05_11:10:39,50.4,km/h,0.1,G,269°W,1395.0,m,35.8,m,36.91050456688203,140.7420463156244
98.0,2023-02-05_11:10:40,51.4,km/h,0.1,G,276°W,1406.3,m,36.2,m,36.91049272610077,140.7418846660081
99.0,2023-02-05_11:10:41,52.0,km/h,0.1,G,273°W,1417.3,m,37.1,m,36.91047495929263,140.74172311353055
100.0,2023-02-05_11:10:42,52.4,km/h,0.0,G,271°W,1428.1,m,36.9,m,36.91045343187823,140.74156135048125
101.0,2023-02-05_11:10:43,53.1,km/h,0.1,G,270°W,1438.9,m,37.3,m,36.91042828765757,140.74139705377988
102.0,2023-02-05_11:10:44,53.4,km/h,0.0,G,270°W,1449.8,m,38.2,m,36.91040418195298,140.74123392913853
103.0,2023-02-05_11:10:45,54.2,km/h,0.1,G,269°W,1461.0,m,38.5,m,36.91037942323166,140.74106805474764
104.0,2023-02-05_11:10:46,54.2,km/h,0.0,G,269°W,1472.4,m,38.5,m,36.91035904606254,140.74090273256306
105.0,2023-02-05_11:10:47,54.2,km/h,0.0,G,270°W,1484.1,m,38.6,m,36.910340249151986,140.74073635261556
106.0,2023-02-05_11:10:48,54.3,km/h,0.0,G,270°W,1495.8,m,38.8,m,36.91032051643287,140.7405685949929
107.0,2023-02-05_11:10:49,56.4,km/h,0.2,G,269°W,1508.2,m,39.5,m,36.910296138990745,140.7403912776507
108.0,2023-02-05_11:10:50,55.6,km/h,-0.1,G,269°W,1519.8,m,39.6,m,36.91027661646226,140.74022619612157
109.0,2023-02-05_11:10:51,56.7,km/h,0.1,G,269°W,1532.3,m,39.5,m,36.91025502196069,140.74005089767246
110.0,2023-02-05_11:10:52,57.5,km/h,0.1,G,269°W,1544.9,m,39.4,m,36.91023165568968,140.73987342560042
111.0,2023-02-05_11:10:53,58.6,km/h,0.1,G,268°W,1557.8,m,39.6,m,36.91020706607595,140.7396915986585
112.0,2023-02-05_11:10:54,59.8,km/h,0.1,G,267°W,1570.9,m,38.9,m,36.91018194191529,140.7395077267401
113.0,2023-02-05_11:10:55,60.7,km/h,0.1,G,267°W,1584.5,m,37.6,m,36.91015791721217,140.73931929658596
114.0,2023-02-05_11:10:56,61.1,km/h,0.0,G,267°W,1597.9,m,36.7,m,36.91013299657325,140.73913244300982
115.0,2023-02-05_11:10:57,62.1,km/h,0.1,G,266°W,1611.9,m,35.6,m,36.91010692603601,140.73893995564606
116.0,2023-02-05_11:10:58,62.8,km/h,0.1,G,266°W,1626.0,m,34.0,m,36.91007973472781,140.73874569295234
117.0,2023-02-05_11:10:59,63.6,km/h,0.1,G,266°W,1640.3,m,32.6,m,36.910054354682984,140.73855086361414
118.0,2023-02-05_11:11:00,64.3,km/h,0.1,G,266°W,1655.1,m,31.4,m,36.91002900323232,140.7383498992758
119.0,2023-02-05_11:11:01,65.6,km/h,0.1,G,265°W,1670.0,m,29.9,m,36.91000083018352,140.73814714699128
120.0,2023-02-05_11:11:02,65.5,km/h,-0.0,G,265°W,1685.0,m,28.7,m,36.909974065348436,140.73794550776276
121.0,2023-02-05_11:11:03,66.9,km/h,0.1,G,265°W,1700.4,m,28.1,m,36.90994726935363,140.73773978997792
122.0,2023-02-05_11:11:04,67.7,km/h,0.1,G,265°W,1716.1,m,27.5,m,36.909921501779316,140.7375307167107
123.0,2023-02-05_11:11:05,68.4,km/h,0.1,G,265°W,1730.8,m,26.7,m,36.90987798895193,140.73732535013204
124.0,2023-02-05_11:11:06,69.0,km/h,0.1,G,264°W,1746.8,m,26.1,m,36.90984919234228,140.73711265814586
125.0,2023-02-05_11:11:07,69.5,km/h,0.1,G,264°W,1763.9,m,25.2,m,36.90983686894927,140.73689692579205
126.0,2023-02-05_11:11:08,69.8,km/h,0.0,G,263°W,1780.0,m,24.3,m,36.90980535358585,140.73668333165793
127.0,2023-02-05_11:11:09,70.3,km/h,0.1,G,263°W,1796.5,m,23.9,m,36.90977668877544,140.73646744008846
128.0,2023-02-05_11:11:10,70.4,km/h,0.0,G,263°W,1813.2,m,23.9,m,36.90974896883926,140.73625020196755
129.0,2023-02-05_11:11:11,70.0,km/h,-0.0,G,263°W,1829.6,m,24.1,m,36.90972048537649,140.73603669323103
130.0,2023-02-05_11:11:12,69.5,km/h,-0.1,G,263°W,1846.0,m,24.5,m,36.90969125753657,140.73582362223348
131.0,2023-02-05_11:11:13,69.0,km/h,-0.1,G,263°W,1862.4,m,24.9,m,36.90966264711614,140.73561161122367
132.0,2023-02-05_11:11:14,68.3,km/h,-0.1,G,263°W,1878.7,m,25.7,m,36.90963448232372,140.73540121398997
133.0,2023-02-05_11:11:15,67.9,km/h,-0.0,G,263°W,1895.0,m,26.3,m,36.90960564897996,140.73519235956405
134.0,2023-02-05_11:11:16,67.5,km/h,-0.0,G,262°W,1911.2,m,27.3,m,36.90957816276246,140.73498399387879
135.0,2023-02-05_11:11:17,67.0,km/h,-0.1,G,262°W,1927.3,m,28.2,m,36.90955033019043,140.7347781368105
136.0,2023-02-05_11:11:18,66.6,km/h,-0.0,G,263°W,1943.3,m,29.1,m,36.90952195156454,140.73457382675969
137.0,2023-02-05_11:11:19,66.3,km/h,-0.0,G,262°W,1959.2,m,29.9,m,36.909494011315445,140.73437175809283
138.0,2023-02-05_11:11:20,66.3,km/h,0.0,G,262°W,1975.2,m,30.6,m,36.90946658370553,140.73416925876688
139.0,2023-02-05_11:11:21,66.7,km/h,0.0,G,261°W,1991.5,m,31.6,m,36.9094381977294,140.7339629437222
140.0,2023-02-05_11:11:22,66.5,km/h,-0.0,G,261°W,2007.7,m,32.5,m,36.90941081123216,140.7337582151787
141.0,2023-02-05_11:11:23,66.3,km/h,-0.0,G,261°W,2023.9,m,33.4,m,36.90938362733626,140.7335543982873
142.0,2023-02-05_11:11:24,66.0,km/h,-0.0,G,261°W,2040.2,m,34.3,m,36.909357158818565,140.73335090091277
143.0,2023-02-05_11:11:25,65.7,km/h,-0.0,G,261°W,2056.3,m,35.2,m,36.909330828111,140.73314954213518
144.0,2023-02-05_11:11:26,65.5,km/h,-0.0,G,260°W,2072.5,m,35.7,m,36.90930321453407,140.73294713928314
145.0,2023-02-05_11:11:27,65.4,km/h,-0.0,G,264°W,2088.5,m,36.6,m,36.90927790571054,140.73274749886306
146.0,2023-02-05_11:11:28,65.8,km/h,0.0,G,261°W,2104.7,m,37.6,m,36.90925255568128,140.73254701309105
147.0,2023-02-05_11:11:29,65.9,km/h,0.0,G,260°W,2120.8,m,38.3,m,36.909224404687464,140.73234663901474
148.0,2023-02-05_11:11:30,65.5,km/h,-0.0,G,262°W,2136.6,m,39.4,m,36.90919441040288,140.732149026312
149.0,2023-02-05_11:11:31,64.7,km/h,-0.1,G,262°W,2152.5,m,40.7,m,36.90916633564227,140.73195199171343
150.0,2023-02-05_11:11:32,64.4,km/h,-0.0,G,261°W,2168.4,m,41.3,m,36.90913879914149,140.73175515216386
151.0,2023-02-05_11:11:33,63.9,km/h,-0.1,G,260°W,2184.2,m,42.1,m,36.909112275239316,140.73156042392327
152.0,2023-02-05_11:11:34,63.5,km/h,-0.0,G,260°W,2199.8,m,42.9,m,36.909081892539,140.73136643180666
153.0,2023-02-05_11:11:35,63.2,km/h,-0.0,G,257°W,2215.3,m,43.8,m,36.909050419349526,140.7311737073028
154.0,2023-02-05_11:11:36,63.3,km/h,0.0,G,255°W,2230.6,m,44.7,m,36.909007838359074,140.7309805330814
155.0,2023-02-05_11:11:37,63.0,km/h,-0.0,G,253°W,2245.6,m,45.7,m,36.90896553530111,140.73079012669209
156.0,2023-02-05_11:11:38,63.0,km/h,0.0,G,252°W,2260.5,m,46.9,m,36.90891675637091,140.73060014171446
157.0,2023-02-05_11:11:39,62.5,km/h,-0.1,G,252°W,2274.6,m,47.9,m,36.90886292321136,140.73041767559945
158.0,2023-02-05_11:11:40,62.4,km/h,-0.0,G,250°W,2288.6,m,48.8,m,36.90880469745461,140.73023617339092
159.0,2023-02-05_11:11:41,62.6,km/h,0.0,G,249°W,2302.1,m,50.2,m,36.908737928823804,140.73005774603303
160.0,2023-02-05_11:11:42,62.9,km/h,0.0,G,249°W,2315.5,m,51.2,m,36.90866909444459,140.72987964699087
161.0,2023-02-05_11:11:43,62.9,km/h,0.0,G,249°W,2328.9,m,52.2,m,36.90859980941005,140.7297029264122
162.0,2023-02-05_11:11:44,63.3,km/h,0.0,G,248°W,2342.6,m,53.1,m,36.90852919970799,140.72952347051043
163.0,2023-02-05_11:11:45,63.8,km/h,0.1,G,248°W,2356.3,m,53.8,m,36.908459235540434,140.72934357687276
164.0,2023-02-05_11:11:46,64.1,km/h,0.0,G,248°W,2370.5,m,54.3,m,36.90839391422069,140.72916080998377
165.0,2023-02-05_11:11:47,64.7,km/h,0.1,G,249°W,2384.4,m,55.2,m,36.908321341970755,140.72897926480132
166.0,2023-02-05_11:11:48,65.3,km/h,0.1,G,248°W,2398.6,m,55.7,m,36.90824929682436,140.72879556934018
167.0,2023-02-05_11:11:49,65.4,km/h,0.0,G,249°W,2413.0,m,56.4,m,36.90818092708454,140.72861105413588
168.0,2023-02-05_11:11:50,65.7,km/h,0.0,G,247°SW,2427.3,m,57.1,m,36.90810832889253,140.7284275430567
169.0,2023-02-05_11:11:51,66.0,km/h,0.0,G,247°SW,2441.8,m,58.2,m,36.90803733087175,140.72824242681372
170.0,2023-02-05_11:11:52,66.3,km/h,0.0,G,248°W,2456.6,m,59.0,m,36.90796846670954,140.72805570777086
171.0,2023-02-05_11:11:53,66.7,km/h,0.0,G,247°SW,2471.4,m,59.3,m,36.90789742829091,140.72786753480082
172.0,2023-02-05_11:11:54,66.7,km/h,0.0,G,247°SW,2486.4,m,60.0,m,36.90782834288037,140.727678750514
173.0,2023-02-05_11:11:55,66.7,km/h,0.0,G,247°SW,2501.4,m,60.6,m,36.90775737961809,140.7274905905017
174.0,2023-02-05_11:11:56,66.4,km/h,-0.0,G,245°SW,2515.8,m,60.9,m,36.907678371552485,140.72730725543832
175.0,2023-02-05_11:11:57,65.4,km/h,-0.1,G,240°SW,2529.9,m,62.5,m,36.907598778733586,140.72712842592097
176.0,2023-02-05_11:11:58,63.8,km/h,-0.2,G,239°SW,2543.1,m,63.7,m,36.90751574060681,140.72695950390928
177.0,2023-02-05_11:11:59,61.7,km/h,-0.2,G,239°SW,2556.0,m,65.4,m,36.90743548842003,140.72679526797003
178.0,2023-02-05_11:12:00,59.4,km/h,-0.2,G,238°SW,2568.1,m,66.7,m,36.907357551552806,140.72664025924422
179.0,2023-02-05_11:12:01,58.7,km/h,-0.1,G,237°SW,2579.9,m,68.3,m,36.90727461158435,140.72648976197266
180.0,2023-02-05_11:12:02,58.6,km/h,-0.0,G,235°SW,2591.6,m,69.3,m,36.90718961736691,140.7263389003804
181.0,2023-02-05_11:12:03,57.6,km/h,-0.1,G,234°SW,2602.8,m,70.9,m,36.90710332635472,140.72619460450875
182.0,2023-02-05_11:12:04,56.7,km/h,-0.1,G,234°SW,2613.4,m,72.1,m,36.90701562377494,140.7260577504848
183.0,2023-02-05_11:12:05,56.4,km/h,-0.0,G,232°SW,2623.7,m,73.2,m,36.906923693021135,140.72592387505966
184.0,2023-02-05_11:12:06,56.1,km/h,-0.0,G,231°SW,2633.5,m,74.9,m,36.906828165157044,140.72579668323752
185.0,2023-02-05_11:12:07,55.6,km/h,-0.1,G,228°SW,2642.9,m,76.0,m,36.90673097840003,140.72567331690834
186.0,2023-02-05_11:12:08,55.3,km/h,-0.0,G,226°SW,2651.9,m,77.6,m,36.90663077141693,140.72555384933258
187.0,2023-02-05_11:12:09,55.2,km/h,-0.0,G,224°SW,2660.6,m,78.4,m,36.906528502066976,140.72543899539065
188.0,2023-02-05_11:12:10,55.0,km/h,-0.0,G,222°SW,2668.8,m,80.0,m,36.90642112624554,140.72533054791353
189.0,2023-02-05_11:12:11,54.9,km/h,-0.0,G,223°SW,2677.2,m,81.5,m,36.906314427507375,140.7252192868591
190.0,2023-02-05_11:12:12,55.2,km/h,0.0,G,219°SW,2684.9,m,82.8,m,36.906202206650676,140.72511670829545
191.0,2023-02-05_11:12:13,55.3,km/h,0.0,G,224°SW,2693.1,m,84.8,m,36.90609290946089,140.72500850161853
192.0,2023-02-05_11:12:14,54.9,km/h,-0.0,G,227°SW,2702.0,m,86.2,m,36.90598878976632,140.72489499520407
193.0,2023-02-05_11:12:15,54.5,km/h,-0.0,G,229°SW,2710.9,m,87.8,m,36.90588853523925,140.72478243204804
194.0,2023-02-05_11:12:16,54.4,km/h,-0.0,G,235°SW,2720.7,m,89.1,m,36.90579513967095,140.72466041544175
195.0,2023-02-05_11:12:17,54.1,km/h,-0.0,G,238°SW,2731.8,m,90.1,m,36.90571377428557,140.72452669339972
196.0,2023-02-05_11:12:18,53.8,km/h,-0.0,G,243°SW,2743.5,m,91.4,m,36.905641014365,140.7243864249226
197.0,2023-02-05_11:12:19,53.9,km/h,0.0,G,248°W,2756.3,m,92.8,m,36.90557823980248,140.72423602141768
198.0,2023-02-05_11:12:20,54.3,km/h,0.0,G,253°W,2769.9,m,93.9,m,36.905529386029656,140.72407792904295
199.0,2023-02-05_11:12:21,54.6,km/h,0.0,G,258°W,2783.9,m,95.3,m,36.9054907054529,140.7239159619929
200.0,2023-02-05_11:12:22,54.8,km/h,0.0,G,263°W,2798.7,m,96.5,m,36.905466170666095,140.7237476474483
201.0,2023-02-05_11:12:23,54.8,km/h,0.0,G,267°W,2813.7,m,97.7,m,36.90545328308827,140.7235771710086
202.0,2023-02-05_11:12:24,55.1,km/h,0.0,G,271°W,2828.9,m,99.1,m,36.90545370806634,140.72340602202183
203.0,2023-02-05_11:12:25,55.5,km/h,0.0,G,276°W,2844.7,m,100.4,m,36.90547254582332,140.7232303886499
204.0,2023-02-05_11:12:26,55.6,km/h,0.0,G,281°W,2860.0,m,101.7,m,36.905497134097146,140.72306020544127
205.0,2023-02-05_11:12:27,55.4,km/h,-0.0,G,286°W,2875.1,m,103.1,m,36.90553694967744,140.72289398897212
206.0,2023-02-05_11:12:28,55.8,km/h,0.0,G,292°NW,2889.9,m,104.7,m,36.90559357319206,140.7227327651488
207.0,2023-02-05_11:12:29,55.8,km/h,0.0,G,297°NW,2904.1,m,106.1,m,36.90566070074041,140.7225796993671
208.0,2023-02-05_11:12:30,55.6,km/h,-0.0,G,300°NW,2917.8,m,107.6,m,36.90573372911296,140.72243344565135
209.0,2023-02-05_11:12:31,56.3,km/h,0.1,G,306°NW,2931.0,m,108.8,m,36.90581981695962,140.72229375149533
210.0,2023-02-05_11:12:32,56.4,km/h,0.0,G,311°NW,2943.4,m,109.9,m,36.90591750944418,140.72216477280998
211.0,2023-02-05_11:12:33,56.8,km/h,0.0,G,316°NW,2954.4,m,110.9,m,36.90603089216782,140.72205425923184
212.0,2023-02-05_11:12:34,57.1,km/h,0.0,G,323°NW,2964.5,m,112.0,m,36.906147015447814,140.72195417989832
213.0,2023-02-05_11:12:35,57.2,km/h,0.0,G,329°NW,2973.3,m,113.0,m,36.90627387505921,140.72187092817768
214.0,2023-02-05_11:12:36,57.9,km/h,0.1,G,333°NW,2981.1,m,114.6,m,36.906407152236646,140.72180084454615
215.0,2023-02-05_11:12:37,58.8,km/h,0.1,G,339°N,2987.7,m,115.7,m,36.90654834517115,140.72174603648784
216.0,2023-02-05_11:12:38,59.6,km/h,0.1,G,345°N,2992.9,m,117.1,m,36.90669268898425,140.72170823469995
217.0,2023-02-05_11:12:39,60.3,km/h,0.1,G,349°N,2996.6,m,118.6,m,36.906841879444165,140.72168917561805
218.0,2023-02-05_11:12:40,60.5,km/h,0.0,G,349°N,2998.9,m,120.0,m,36.90699283883407,140.72168631382507
219.0,2023-02-05_11:12:41,60.4,km/h,-0.0,G,348°N,3001.6,m,122.2,m,36.907144228571404,140.7216809956998
220.0,2023-02-05_11:12:42,60.5,km/h,0.0,G,348°N,3004.6,m,123.8,m,36.90729410992532,140.7216726891762
221.0,2023-02-05_11:12:43,61.0,km/h,0.1,G,348°N,3007.8,m,125.6,m,36.90744790538939,140.72166409664928
222.0,2023-02-05_11:12:44,61.4,km/h,0.0,G,347°N,3011.0,m,127.1,m,36.90760250559917,140.72165694144226
223.0,2023-02-05_11:12:45,62.2,km/h,0.1,G,346°N,3015.4,m,128.4,m,36.90775773820314,140.7216371278806
224.0,2023-02-05_11:12:46,63.4,km/h,0.1,G,342°N,3021.7,m,130.1,m,36.907912185413366,140.72159641408084
225.0,2023-02-05_11:12:47,63.5,km/h,0.0,G,335°NW,3029.6,m,131.8,m,36.9080597147772,140.72153640222817
226.0,2023-02-05_11:12:48,65.1,km/h,0.2,G,331°NW,3040.2,m,133.2,m,36.908208377397656,140.72144819760388
227.0,2023-02-05_11:12:49,64.8,km/h,-0.0,G,330°NW,3051.5,m,134.9,m,36.908347144592426,140.72134943243503
228.0,2023-02-05_11:12:50,64.3,km/h,-0.1,G,325°NW,3063.8,m,136.2,m,36.90847948916237,140.72123906454215
229.0,2023-02-05_11:12:51,63.8,km/h,-0.1,G,323°NW,3076.6,m,137.6,m,36.90860703348636,140.7211223824308
230.0,2023-02-05_11:12:52,63.3,km/h,-0.1,G,322°NW,3091.0,m,138.9,m,36.908717838819534,140.720984430156
231.0,2023-02-05_11:12:53,62.7,km/h,-0.1,G,322°NW,3104.4,m,140.1,m,36.9088350106145,140.7208589423648
232.0,2023-02-05_11:12:54,61.9,km/h,-0.1,G,326°NW,3117.3,m,141.6,m,36.90895658334307,140.72074048789398
233.0,2023-02-05_11:12:55,60.6,km/h,-0.1,G,328°NW,3130.2,m,142.8,m,36.90907570662983,140.72062345056125
234.0,2023-02-05_11:12:56,60.0,km/h,-0.1,G,331°NW,3142.6,m,143.5,m,36.90919461856292,140.72051072460047
235.0,2023-02-05_11:12:57,59.7,km/h,-0.0,G,336°NW,3153.7,m,144.3,m,36.90932224842965,140.72041650537898
236.0,2023-02-05_11:12:58,60.2,km/h,0.1,G,338°N,3164.5,m,144.3,m,36.909454998676296,140.72032801269637
237.0,2023-02-05_11:12:59,61.0,km/h,0.1,G,340°N,3174.7,m,144.8,m,36.90959450557304,140.72024801593858
238.0,2023-02-05_11:13:00,61.8,km/h,0.1,G,346°N,3183.9,m,145.1,m,36.90974015186976,140.72018197082005
239.0,2023-02-05_11:13:01,62.7,km/h,0.1,G,349°N,3192.2,m,145.1,m,36.90989336458869,140.72012917193527
240.0,2023-02-05_11:13:02,63.4,km/h,0.1,G,351°N,3199.8,m,145.5,m,36.91004946987941,140.72008682664008
241.1,2023-02-05_11:13:03,64.9,km/h,0.2,G,351°N,3206.8,m,145.2,m,36.91021187788794,140.72005342211767
242.1,2023-02-05_11:13:04,66.6,km/h,0.2,G,351°N,3213.9,m,145.7,m,36.91037697769697,140.7200211337978
243.0,2023-02-05_11:13:05,68.2,km/h,0.2,G,351°N,3221.3,m,146.2,m,36.91054400506308,140.71998676616917
244.0,2023-02-05_11:13:06,70.5,km/h,0.2,G,351°N,3229.1,m,146.5,m,36.91071841533645,140.71995131604027
245.0,2023-02-05_11:13:07,72.7,km/h,0.2,G,351°N,3237.2,m,146.5,m,36.9108983191935,140.71991551375845
246.0,2023-02-05_11:13:08,74.8,km/h,0.2,G,351°N,3245.8,m,146.5,m,36.91108342072282,140.7198769474937
247.0,2023-02-05_11:13:09,76.6,km/h,0.2,G,351°N,3254.7,m,146.0,m,36.91127404540417,140.71983714199726
248.0,2023-02-05_11:13:10,78.0,km/h,0.1,G,351°N,3263.9,m,146.3,m,36.911466014445445,140.71979691835458
249.0,2023-02-05_11:13:11,63.0,km/h,-1.5,G,351°N,3262.5,m,135.4,m,36.911476899542585,140.71981729767066
250.0,2023-02-05_11:13:12,63.0,km/h,0.0,G,351°N,3268.5,m,135.4,m,36.911631140915844,140.7198019085192
251.0,2023-02-05_11:13:13,62.7,km/h,-0.0,G,352°N,3275.8,m,135.4,m,36.911784445990016,140.71977103258322
252.0,2023-02-05_11:13:14,62.6,km/h,-0.0,G,352°N,3284.7,m,135.5,m,36.91192619904892,140.71971868999518
253.0,2023-02-05_11:13:15,61.7,km/h,-0.1,G,352°N,3292.3,m,135.5,m,36.91207599020699,140.7196864609475
254.0,2023-02-05_11:13:16,61.7,km/h,0.0,G,352°N,3300.1,m,135.5,m,36.91223046913259,140.71965318271972
257.2,2023-02-05_11:13:19,0.0,km/h,0.0,G,349°N,3325.8,m,135.5,m,36.91271254620421,140.71953911626522
258.2,2023-02-05_11:13:20,0.0,km/h,0.0,G,348°N,3336.9,m,135.5,m,36.91285161450259,140.719463936653
259.2,2023-02-05_11:13:21,0.0,km/h,0.0,G,348°N,3348.4,m,135.5,m,36.91299292722368,140.7193859693102
260.1,2023-02-05_11:13:22,0.0,km/h,0.0,G,346°N,3359.9,m,135.5,m,36.91313382051858,140.71930823317496
261.2,2023-02-05_11:13:23,0.0,km/h,0.0,G,345°N,3371.5,m,135.5,m,36.91327503611665,140.71923031923376
262.2,2023-02-05_11:13:24,0.0,km/h,0.0,G,344°N,3383.2,m,135.5,m,36.91341652129374,140.71915225656124
263.2,2023-02-05_11:13:25,0.0,km/h,0.0,G,343°N,3393.5,m,135.5,m,36.913564395575456,140.719093374416
264.2,2023-02-05_11:13:26,0.0,km/h,0.0,G,342°N,3407.0,m,135.5,m,36.91369556996687,140.718989380717
265.2,2023-02-05_11:13:27,0.0,km/h,0.0,G,342°N,3418.2,m,135.5,m,36.9138407382885,140.71892107432157
266.2,2023-02-05_11:13:28,0.0,km/h,0.0,G,340°N,3431.8,m,135.5,m,36.91397082848945,140.71881573776102
267.2,2023-02-05_11:13:29,0.0,km/h,0.0,G,338°N,3443.1,m,135.5,m,36.91411691083459,140.7187468547866
268.2,2023-02-05_11:13:30,0.0,km/h,0.0,G,337°NW,3456.9,m,135.5,m,36.91424666617957,140.7186417294558
269.2,2023-02-05_11:13:31,0.0,km/h,0.0,G,336°NW,3468.2,m,135.5,m,36.9143926233236,140.7185729254721
270.2,2023-02-05_11:13:32,0.0,km/h,0.0,G,335°NW,3480.8,m,135.5,m,36.91452999079237,140.7184862691521
271.2,2023-02-05_11:13:33,0.0,km/h,0.0,G,334°NW,3493.1,m,135.5,m,36.91466962862588,140.71840387815067
272.2,2023-02-05_11:13:34,0.0,km/h,0.0,G,333°NW,3505.4,m,135.5,m,36.91481046693024,140.71832296122096
311.8,2023-02-05_11:14:13,0.0,km/h,0.0,G,288°W,3505.4,m,135.5,m,36.91481046693023,140.7183229612209
312.2,2023-02-05_11:14:14,0.0,km/h,0.0,G,287°W,3505.4,m,135.5,m,36.91481046693023,140.7183229612209
315.0,2023-02-05_11:14:17,62.7,km/h,2.4,G,283°W,4365.2,m,141.0,m,36.91983939151924,140.71049013188176
316.0,2023-02-05_11:14:18,62.7,km/h,0.0,G,283°W,4382.0,m,141.0,m,36.9198614826201,140.71029647023926
317.0,2023-02-05_11:14:19,62.7,km/h,0.0,G,283°W,4397.2,m,133.6,m,36.919846219909545,140.71009969481273
318.0,2023-02-05_11:14:20,58.0,km/h,-0.5,G,281°W,4410.2,m,133.5,m,36.91980908018126,140.70991923667606
319.0,2023-02-05_11:14:21,57.7,km/h,-0.0,G,281°W,4425.7,m,134.3,m,36.91982830584681,140.7097388788491
320.0,2023-02-05_11:14:22,56.3,km/h,-0.1,G,280°W,4440.5,m,133.7,m,36.91984287967166,140.7095655288685
321.0,2023-02-05_11:14:23,56.3,km/h,0.0,G,280°W,4454.6,m,131.5,m,36.919855236852804,140.70939937051855
322.0,2023-02-05_11:14:24,55.0,km/h,-0.1,G,279°W,4469.6,m,132.5,m,36.91988141964065,140.70922961273274
323.0,2023-02-05_11:14:25,54.4,km/h,-0.1,G,278°W,4483.3,m,133.3,m,36.91989116014567,140.7090668188207
324.0,2023-02-05_11:14:26,54.2,km/h,-0.0,G,277°W,4497.6,m,133.3,m,36.91990526610952,140.7088989468018
325.0,2023-02-05_11:14:27,54.3,km/h,0.0,G,278°W,4511.8,m,133.0,m,36.91991792115469,140.70873176365092
326.0,2023-02-05_11:14:28,54.5,km/h,0.0,G,278°W,4525.5,m,133.0,m,36.91992663277754,140.70856779664203
327.0,2023-02-05_11:14:29,54.7,km/h,0.0,G,278°W,4540.1,m,132.8,m,36.9199421318907,140.70839812068687
328.0,2023-02-05_11:14:30,54.5,km/h,-0.0,G,278°W,4553.6,m,133.3,m,36.91993781888124,140.70822976222837
329.0,2023-02-05_11:14:31,54.1,km/h,-0.0,G,278°W,4567.8,m,133.0,m,36.91995014958335,140.70806326963952
330.0,2023-02-05_11:14:32,54.1,km/h,0.0,G,278°W,4582.5,m,133.4,m,36.91997778828467,140.707898155734
331.0,2023-02-05_11:14:33,54.4,km/h,0.0,G,278°W,4596.9,m,133.4,m,36.91998998532097,140.70772864789228
332.0,2023-02-05_11:14:34,54.8,km/h,0.0,G,278°W,4611.0,m,133.6,m,36.91999470255863,140.70755806921514
333.0,2023-02-05_11:14:35,55.3,km/h,0.1,G,278°W,4625.7,m,133.4,m,36.92001130058212,140.70738781272192
334.0,2023-02-05_11:14:36,55.6,km/h,0.0,G,277°W,4640.3,m,133.5,m,36.92002322628254,140.7072164341505
335.0,2023-02-05_11:14:37,56.1,km/h,0.1,G,277°W,4655.0,m,134.1,m,36.92003076610101,140.70704020178485
336.0,2023-02-05_11:14:38,56.4,km/h,0.0,G,277°W,4670.5,m,134.1,m,36.920048269574146,140.70686086809548
337.0,2023-02-05_11:14:39,56.7,km/h,0.0,G,277°W,4685.7,m,134.3,m,36.920060068556225,140.70668176697464
338.0,2023-02-05_11:14:40,56.9,km/h,0.0,G,277°W,4701.0,m,134.7,m,36.920072139486166,140.7065012798312
339.0,2023-02-05_11:14:41,57.3,km/h,0.0,G,278°W,4716.0,m,135.0,m,36.92008532650987,140.70632534890234
340.0,2023-02-05_11:14:42,57.4,km/h,0.0,G,282°W,4731.3,m,135.3,m,36.92010386155207,140.706148569128
341.0,2023-02-05_11:14:43,57.6,km/h,0.0,G,285°W,4747.0,m,135.6,m,36.92012684048116,140.70596922589954
342.0,2023-02-05_11:14:44,57.6,km/h,0.0,G,288°W,4763.3,m,136.4,m,36.920158742982466,140.70578801788443
343.0,2023-02-05_11:14:45,57.3,km/h,-0.0,G,290°W,4778.9,m,136.9,m,36.920193765201816,140.7056159796647
344.0,2023-02-05_11:14:46,57.0,km/h,-0.0,G,295°NW,4794.4,m,137.6,m,36.92023517806307,140.70544867172333
345.0,2023-02-05_11:14:47,56.6,km/h,-0.0,G,296°NW,4810.2,m,138.6,m,36.92028871419642,140.70528471939733
346.0,2023-02-05_11:14:48,55.9,km/h,-0.1,G,299°NW,4825.4,m,139.4,m,36.920347332708104,140.70513049299606
347.0,2023-02-05_11:14:49,55.3,km/h,-0.1,G,301°NW,4840.6,m,139.9,m,36.92042150085619,140.70498444364557
348.0,2023-02-05_11:14:50,54.6,km/h,-0.1,G,301°NW,4855.3,m,141.0,m,36.92049496742945,140.70484327132476
349.0,2023-02-05_11:14:51,54.2,km/h,-0.0,G,301°NW,4870.7,m,142.2,m,36.92056161175081,140.7046908575872
350.0,2023-02-05_11:14:52,54.0,km/h,-0.0,G,301°NW,4885.5,m,143.3,m,36.92063973966481,140.70455177947923
351.0,2023-02-05_11:14:53,54.5,km/h,0.1,G,302°NW,4900.8,m,144.3,m,36.92071909088127,140.7044078609469
352.0,2023-02-05_11:14:54,54.9,km/h,0.0,G,303°NW,4915.8,m,145.3,m,36.920798623597015,140.70426601067285
353.0,2023-02-05_11:14:55,55.0,km/h,0.0,G,303°NW,4930.8,m,146.7,m,36.920876606971675,140.70412502235627
354.0,2023-02-05_11:14:56,55.2,km/h,0.0,G,303°NW,4946.0,m,147.9,m,36.920956044287436,140.70398210049964
355.0,2023-02-05_11:14:57,55.5,km/h,0.0,G,303°NW,4961.2,m,149.1,m,36.92103599325352,140.70383911911333
356.0,2023-02-05_11:14:58,55.3,km/h,-0.0,G,303°NW,4975.9,m,150.0,m,36.92111337920177,140.7036998770984
357.0,2023-02-05_11:14:59,55.3,km/h,0.0,G,303°NW,4991.1,m,151.1,m,36.9211922348084,140.70355698292425
358.0,2023-02-05_11:15:00,55.3,km/h,0.0,G,304°NW,5005.9,m,152.5,m,36.92127037458516,140.70341730517552
359.0,2023-02-05_11:15:01,55.1,km/h,-0.0,G,304°NW,5020.8,m,153.9,m,36.92134821772997,140.70327749260187
360.0,2023-02-05_11:15:02,55.0,km/h,-0.0,G,304°NW,5035.7,m,155.3,m,36.92142631854208,140.70313721696098
361.0,2023-02-05_11:15:03,55.3,km/h,0.0,G,304°NW,5051.0,m,156.8,m,36.92150664840477,140.702992723179
362.0,2023-02-05_11:15:04,55.1,km/h,-0.0,G,305°NW,5066.1,m,157.9,m,36.921585253764086,140.70285115864542
363.0,2023-02-05_11:15:05,55.4,km/h,0.0,G,305°NW,5081.2,m,159.2,m,36.921664420868495,140.7027085583948
364.0,2023-02-05_11:15:06,55.7,km/h,0.0,G,304°NW,5096.5,m,160.2,m,36.921744669453076,140.70256503126106
365.0,2023-02-05_11:15:07,55.6,km/h,-0.0,G,305°NW,5111.7,m,161.6,m,36.92182440797666,140.70242174650755
366.0,2023-02-05_11:15:08,55.0,km/h,-0.1,G,305°NW,5126.8,m,162.7,m,36.92190268488748,140.70228018201155
367.0,2023-02-05_11:15:09,54.4,km/h,-0.1,G,306°NW,5141.5,m,163.8,m,36.921980167159084,140.70214135406113
368.0,2023-02-05_11:15:10,53.9,km/h,-0.1,G,308°NW,5156.4,m,164.9,m,36.922060415767874,140.70200279117597
369.0,2023-02-05_11:15:11,53.6,km/h,-0.0,G,309°NW,5170.8,m,165.7,m,36.922143437598166,140.70187201893737
370.0,2023-02-05_11:15:12,54.0,km/h,0.0,G,311°NW,5185.3,m,165.9,m,36.92222806712022,140.7017399790727
371.0,2023-02-05_11:15:13,54.6,km/h,0.1,G,313°NW,5200.1,m,165.8,m,36.92231419179533,140.70160570379804
372.0,2023-02-05_11:15:14,54.2,km/h,-0.0,G,315°NW,5214.5,m,165.5,m,36.92240058800178,140.70147582714523
373.0,2023-02-05_11:15:15,54.1,km/h,-0.0,G,315°NW,5228.8,m,165.3,m,36.92249358727318,140.70135158746407
374.0,2023-02-05_11:15:16,53.4,km/h,-0.1,G,315°NW,5242.2,m,165.0,m,36.92259693127322,140.70124443553686
375.0,2023-02-05_11:15:17,52.5,km/h,-0.1,G,315°NW,5255.9,m,164.9,m,36.92268643071378,140.7011252926096
376.0,2023-02-05_11:15:18,51.5,km/h,-0.1,G,315°NW,5269.4,m,164.6,m,36.92276862588693,140.70100447450872
377.0,2023-02-05_11:15:19,50.9,km/h,-0.1,G,316°NW,5282.7,m,164.5,m,36.922856199586285,140.70088957600922
378.0,2023-02-05_11:15:20,50.2,km/h,-0.1,G,316°NW,5295.8,m,164.1,m,36.92294308441922,140.70077766289958
379.0,2023-02-05_11:15:21,50.2,km/h,0.0,G,316°NW,5309.0,m,164.0,m,36.92302607288184,140.70066108274307
380.0,2023-02-05_11:15:22,50.0,km/h,-0.0,G,316°NW,5322.1,m,163.5,m,36.92311120159755,140.70054745745253
381.0,2023-02-05_11:15:23,50.3,km/h,0.0,G,316°NW,5335.4,m,163.3,m,36.92319866192022,140.70043224347216
382.0,2023-02-05_11:15:24,50.4,km/h,0.0,G,315°NW,5348.8,m,163.2,m,36.92328252761015,140.7003152001032
383.0,2023-02-05_11:15:25,50.3,km/h,-0.0,G,315°NW,5362.0,m,163.0,m,36.923369284937074,140.7002005479903
384.0,2023-02-05_11:15:26,50.5,km/h,0.0,G,315°NW,5375.4,m,162.9,m,36.92345557851354,140.70008462552303
385.0,2023-02-05_11:15:27,50.7,km/h,0.0,G,315°NW,5388.8,m,162.7,m,36.92354130948872,140.69996802601054
386.0,2023-02-05_11:15:28,50.8,km/h,0.0,G,315°NW,5402.2,m,162.7,m,36.92362768784614,140.69985187157016
387.0,2023-02-05_11:15:29,50.8,km/h,0.0,G,315°NW,5415.7,m,162.5,m,36.92371283904935,140.69973316162722
388.0,2023-02-05_11:15:30,50.8,km/h,0.0,G,316°NW,5429.2,m,162.2,m,36.92379872465711,140.69961550792883
389.0,2023-02-05_11:15:31,50.6,km/h,-0.0,G,315°NW,5442.7,m,162.2,m,36.92388310279444,140.69949703701977
390.0,2023-02-05_11:15:32,50.1,km/h,-0.1,G,313°NW,5456.1,m,161.8,m,36.92396028997109,140.6993752778366
391.0,2023-02-05_11:15:33,50.2,km/h,0.0,G,311°NW,5469.7,m,161.5,m,36.924041286184064,140.6992539646753
392.0,2023-02-05_11:15:34,50.6,km/h,0.0,G,311°NW,5483.8,m,161.6,m,36.92410369681358,140.69911539047797
393.0,2023-02-05_11:15:35,50.0,km/h,-0.1,G,310°NW,5497.3,m,161.6,m,36.9241713650358,140.69898771397976
394.0,2023-02-05_11:15:36,49.7,km/h,-0.0,G,309°NW,5510.8,m,161.7,m,36.9242399387344,140.69886002332206
395.0,2023-02-05_11:15:37,49.5,km/h,-0.0,G,309°NW,5524.2,m,161.6,m,36.92430765403647,140.6987329520657
396.0,2023-02-05_11:15:38,49.7,km/h,0.0,G,309°NW,5537.8,m,162.0,m,36.92437650503166,140.698603675101
397.0,2023-02-05_11:15:39,49.5,km/h,-0.0,G,309°NW,5551.4,m,161.9,m,36.92444503419867,140.69847544534016
398.0,2023-02-05_11:15:40,49.4,km/h,-0.0,G,309°NW,5565.0,m,162.2,m,36.92451391587232,140.6983465592497
399.0,2023-02-05_11:15:41,49.8,km/h,0.0,G,309°NW,5578.8,m,161.7,m,36.92459231106407,140.69822154985317
400.0,2023-02-05_11:15:42,49.9,km/h,0.0,G,309°NW,5592.5,m,161.7,m,36.92466657373233,140.69809541152287
401.0,2023-02-05_11:15:43,49.8,km/h,-0.0,G,309°NW,5606.0,m,161.8,m,36.92474040970086,140.69797012890314
402.0,2023-02-05_11:15:44,50.0,km/h,0.0,G,308°NW,5619.7,m,162.0,m,36.924814503429104,140.69784369685976
403.0,2023-02-05_11:15:45,50.3,km/h,0.0,G,309°NW,5633.5,m,162.1,m,36.92488886860454,140.69771620836858
404.0,2023-02-05_11:15:46,50.3,km/h,0.0,G,309°NW,5647.3,m,162.4,m,36.924963967365436,140.6975889945106
405.0,2023-02-05_11:15:47,50.2,km/h,-0.0,G,309°NW,5661.0,m,162.3,m,36.92503861554807,140.69746273386008
406.0,2023-02-05_11:15:48,50.4,km/h,0.0,G,310°NW,5674.9,m,162.6,m,36.92511616499343,140.69733511776673
407.0,2023-02-05_11:15:49,50.4,km/h,0.0,G,310°NW,5688.6,m,163.0,m,36.92519564003073,140.69721123575587
408.0,2023-02-05_11:15:50,50.3,km/h,-0.0,G,310°NW,5702.3,m,163.0,m,36.92527519807853,140.6970887509959
409.0,2023-02-05_11:15:51,50.7,km/h,0.0,G,310°NW,5716.0,m,163.3,m,36.925364395670904,140.69697084144772
410.0,2023-02-05_11:15:52,49.8,km/h,-0.1,G,311°NW,5729.0,m,163.9,m,36.925447919663085,140.69685826636223
411.0,2023-02-05_11:15:53,48.9,km/h,-0.1,G,311°NW,5741.8,m,164.7,m,36.925530790419884,140.69674791725137
412.0,2023-02-05_11:15:54,48.2,km/h,-0.1,G,311°NW,5754.5,m,165.5,m,36.925612469991435,140.69663778758078
413.0,2023-02-05_11:15:55,48.2,km/h,0.0,G,312°NW,5767.3,m,165.9,m,36.92569442710908,140.69652730750528
414.0,2023-02-05_11:15:56,48.3,km/h,0.0,G,313°NW,5780.2,m,166.7,m,36.92577763462419,140.69641613838849
415.0,2023-02-05_11:15:57,48.7,km/h,0.0,G,313°NW,5792.6,m,167.4,m,36.92587262659485,140.69631854034452
416.0,2023-02-05_11:15:58,49.1,km/h,0.0,G,313°NW,5806.2,m,168.3,m,36.92594457630113,140.6961912834629
417.0,2023-02-05_11:15:59,49.6,km/h,0.1,G,313°NW,5818.9,m,169.1,m,36.926040774518796,140.6960913904725
418.0,2023-02-05_11:16:00,49.5,km/h,-0.0,G,313°NW,5832.1,m,169.6,m,36.92611856123302,140.6959727668842
419.0,2023-02-05_11:16:01,50.1,km/h,0.1,G,313°NW,5845.5,m,170.1,m,36.926200407901575,140.69585482721408
420.0,2023-02-05_11:16:02,51.4,km/h,0.1,G,312°NW,5859.5,m,170.5,m,36.9262821888089,140.69572995144486
421.0,2023-02-05_11:16:03,52.6,km/h,0.1,G,312°NW,5873.8,m,171.7,m,36.926367621109236,140.69560272804432
422.0,2023-02-05_11:16:04,53.3,km/h,0.1,G,314°NW,5888.0,m,172.3,m,36.926451259489255,140.695474996523
423.0,2023-02-05_11:16:05,53.4,km/h,0.0,G,318°NW,5902.4,m,172.8,m,36.92653769179367,140.69534817265986
424.0,2023-02-05_11:16:06,53.7,km/h,0.0,G,322°NW,5916.7,m,173.5,m,36.92663336657555,140.69522758605297
425.0,2023-02-05_11:16:07,54.3,km/h,0.1,G,323°NW,5930.2,m,174.6,m,36.92674463663306,140.69512597950194
426.0,2023-02-05_11:16:08,54.4,km/h,0.0,G,327°NW,5943.5,m,175.5,m,36.9268563747661,140.69502754320484
427.0,2023-02-05_11:16:09,54.3,km/h,-0.0,G,329°NW,5956.4,m,176.7,m,36.926969415236414,140.69493470498435
428.0,2023-02-05_11:16:10,54.2,km/h,-0.0,G,330°NW,5969.0,m,177.9,m,36.9270861207303,140.69484829817486
429.0,2023-02-05_11:16:11,54.4,km/h,0.0,G,330°NW,5981.3,m,179.0,m,36.92720707175765,140.69476752790501
430.0,2023-02-05_11:16:12,54.9,km/h,0.1,G,329°NW,5993.8,m,180.2,m,36.92732952147802,140.69468705870182
431.0,2023-02-05_11:16:13,55.1,km/h,0.0,G,329°NW,6006.1,m,181.6,m,36.927452545117234,140.69460766412794
432.0,2023-02-05_11:16:14,55.0,km/h,-0.0,G,330°NW,6019.7,m,182.5,m,36.927564332667615,140.69450621977495
433.0,2023-02-05_11:16:15,55.1,km/h,0.0,G,331°NW,6032.5,m,183.9,m,36.92768633483485,140.69442194945688
434.0,2023-02-05_11:16:16,55.1,km/h,0.0,G,332°NW,6045.0,m,184.8,m,36.9278090866381,140.69434109456367
435.0,2023-02-05_11:16:17,55.3,km/h,0.0,G,332°NW,6057.6,m,185.9,m,36.92793214824839,140.69425960570348
436.0,2023-02-05_11:16:18,55.3,km/h,0.0,G,332°NW,6070.1,m,187.1,m,36.92805467764832,140.6941791819217
437.0,2023-02-05_11:16:19,55.3,km/h,0.0,G,332°NW,6082.7,m,188.6,m,36.92817795502435,140.69409779074542
438.0,2023-02-05_11:16:20,55.3,km/h,0.0,G,332°NW,6094.2,m,189.6,m,36.92830789258251,140.69403485574662
439.0,2023-02-05_11:16:21,54.9,km/h,-0.0,G,332°NW,6107.6,m,190.6,m,36.92842238084559,140.69393813449472
440.0,2023-02-05_11:16:22,55.1,km/h,0.0,G,332°NW,6119.3,m,191.8,m,36.928553301708654,140.69387337801462
441.0,2023-02-05_11:16:23,55.0,km/h,-0.0,G,332°NW,6132.1,m,192.6,m,36.92867477248596,140.6937896619303
442.0,2023-02-05_11:16:24,55.4,km/h,0.0,G,332°NW,6145.0,m,194.1,m,36.92879746097555,140.69370541129817
443.0,2023-02-05_11:16:25,55.5,km/h,0.0,G,331°NW,6158.9,m,195.1,m,36.92891185066382,140.69360375502424
444.0,2023-02-05_11:16:26,55.3,km/h,-0.0,G,330°NW,6171.7,m,196.1,m,36.929030270751305,140.69351713069022
445.0,2023-02-05_11:16:27,56.0,km/h,0.1,G,326°NW,6185.4,m,196.6,m,36.92914290787723,140.69341745793184
446.0,2023-02-05_11:16:28,57.1,km/h,0.1,G,322°NW,6200.2,m,197.0,m,36.92925567341925,140.69330326084938
447.0,2023-02-05_11:16:29,57.4,km/h,0.0,G,320°NW,6214.9,m,197.6,m,36.92935321136995,140.69317992061016
448.0,2023-02-05_11:16:30,57.4,km/h,0.0,G,318°NW,6230.4,m,197.6,m,36.929450867775756,140.69304747430417
449.0,2023-02-05_11:16:31,57.1,km/h,-0.0,G,317°NW,6245.7,m,197.6,m,36.929547469576306,140.69291652749698
450.0,2023-02-05_11:16:32,57.5,km/h,0.0,G,316°NW,6261.2,m,197.8,m,36.92963380852713,140.69277613071657
451.0,2023-02-05_11:16:33,57.2,km/h,-0.0,G,315°NW,6276.8,m,198.3,m,36.929720985541906,140.69263548274034
452.0,2023-02-05_11:16:34,56.8,km/h,-0.0,G,314°NW,6292.3,m,198.3,m,36.92980771348111,140.6924953238833
453.0,2023-02-05_11:16:35,56.6,km/h,-0.0,G,313°NW,6307.8,m,198.9,m,36.929894277210586,140.6923554302225
454.0,2023-02-05_11:16:36,56.6,km/h,0.0,G,312°NW,6323.4,m,199.1,m,36.929981030000675,140.69221466885287
455.0,2023-02-05_11:16:37,56.5,km/h,-0.0,G,312°NW,6338.5,m,199.5,m,36.930080361673674,140.6920879571514
456.0,2023-02-05_11:16:38,55.9,km/h,-0.1,G,312°NW,6353.9,m,199.5,m,36.930155283531825,140.69194172809543
457.0,2023-02-05_11:16:39,54.1,km/h,-0.2,G,312°NW,6368.5,m,199.6,m,36.93023662081673,140.69180926788175
458.0,2023-02-05_11:16:40,52.4,km/h,-0.2,G,311°NW,6382.9,m,199.6,m,36.93030991815796,140.69167459556564
459.0,2023-02-05_11:16:41,51.3,km/h,-0.1,G,311°NW,6397.0,m,198.9,m,36.93038542790972,140.6915464069118
460.0,2023-02-05_11:16:42,51.1,km/h,-0.0,G,311°NW,6410.9,m,198.1,m,36.930460001111605,140.69141809723362
461.0,2023-02-05_11:16:43,52.3,km/h,0.1,G,311°NW,6425.4,m,197.1,m,36.93053956021172,140.6912871385866
462.0,2023-02-05_11:16:44,52.9,km/h,0.1,G,311°NW,6439.9,m,196.5,m,36.93062127135922,140.6911568891249
463.0,2023-02-05_11:16:45,53.3,km/h,0.0,G,311°NW,6454.8,m,195.8,m,36.93068779772943,140.6910115002037
464.0,2023-02-05_11:16:46,54.5,km/h,0.1,G,311°NW,6470.0,m,195.2,m,36.93076869672068,140.6908718105442
465.0,2023-02-05_11:16:47,55.0,km/h,0.1,G,311°NW,6485.2,m,194.5,m,36.93084961550276,140.6907319864884
466.0,2023-02-05_11:16:48,54.9,km/h,-0.0,G,310°NW,6500.3,m,194.1,m,36.93092999335441,140.6905924243381
467.0,2023-02-05_11:16:49,53.2,km/h,-0.2,G,310°NW,6514.8,m,193.4,m,36.93100495395139,140.69045792618473
468.0,2023-02-05_11:16:50,52.7,km/h,-0.1,G,310°NW,6529.4,m,192.5,m,36.931076760671175,140.69032022718656
469.0,2023-02-05_11:16:51,50.7,km/h,-0.2,G,309°NW,6543.3,m,192.0,m,36.93114628990822,140.69018903492454
470.0,2023-02-05_11:16:52,48.1,km/h,-0.3,G,309°NW,6556.4,m,191.4,m,36.93121135853015,140.69006542543679
471.0,2023-02-05_11:16:53,45.7,km/h,-0.2,G,308°NW,6568.8,m,191.1,m,36.931273099073145,140.68994852160765
472.0,2023-02-05_11:16:54,42.9,km/h,-0.3,G,308°NW,6580.3,m,190.2,m,36.93133017548336,140.6898405466857
473.0,2023-02-05_11:16:55,40.0,km/h,-0.3,G,307°NW,6591.0,m,189.8,m,36.9313836496003,140.68973979940097
474.0,2023-02-05_11:16:56,35.5,km/h,-0.5,G,308°NW,6600.3,m,189.5,m,36.93144443100503,140.68966176888313
475.0,2023-02-05_11:16:57,28.6,km/h,-0.7,G,312°NW,6607.6,m,189.5,m,36.93146490795063,140.68958326008905
476.0,2023-02-05_11:16:58,24.0,km/h,-0.5,G,327°NW,6613.6,m,189.5,m,36.93149420974565,140.68952616183432
477.0,2023-02-05_11:16:59,19.8,km/h,-0.4,G,348°N,6617.7,m,189.0,m,36.93151429527582,140.68948755157
478.0,2023-02-05_11:17:00,18.1,km/h,-0.2,G,8°N,6627.1,m,188.8,m,36.93159684759364,140.68942216667753
479.0,2023-02-05_11:17:01,18.4,km/h,0.0,G,16°N,6626.0,m,188.8,m,36.93166409909007,140.6894814130985
480.0,2023-02-05_11:17:02,20.0,km/h,0.2,G,18°N,6620.2,m,188.8,m,36.93170499425807,140.68958273953032
481.0,2023-02-05_11:17:03,22.7,km/h,0.3,G,18°N,6618.1,m,188.7,m,36.93175138344609,140.68963950899794
482.0,2023-02-05_11:17:04,25.9,km/h,0.3,G,17°N,6619.4,m,188.3,m,36.93181585388373,140.689665930488
483.0,2023-02-05_11:17:05,27.9,km/h,0.2,G,13°N,6620.9,m,188.3,m,36.93188430970663,140.6896939850523
484.0,2023-02-05_11:17:06,28.4,km/h,0.1,G,10°N,6625.0,m,188.1,m,36.931960247066016,140.68969235187174
485.0,2023-02-05_11:17:07,25.7,km/h,-0.3,G,6°N,6629.8,m,187.9,m,36.93201856726321,140.6896697038155
486.0,2023-02-05_11:17:08,21.9,km/h,-0.4,G,0°N,6633.4,m,187.8,m,36.93206870228195,140.68965775721884
487.0,2023-02-05_11:17:09,18.4,km/h,-0.4,G,357°N,6636.5,m,187.8,m,36.93211130402867,140.6896476055318
488.0,2023-02-05_11:17:10,18.3,km/h,-0.0,G,349°N,6640.0,m,187.7,m,36.93215210422385,140.68963095904445
489.0,2023-02-05_11:17:11,19.6,km/h,0.1,G,345°N,6643.9,m,187.6,m,36.932201019737086,140.68961440658055
490.0,2023-02-05_11:17:12,18.6,km/h,-0.1,G,356°N,6647.4,m,187.6,m,36.93224653077107,140.68959940728755
491.0,2023-02-05_11:17:13,16.2,km/h,-0.2,G,16°N,6650.2,m,187.5,m,36.93228164668753,140.68958794688103
492.0,2023-02-05_11:17:14,14.2,km/h,-0.2,G,41°NE,6652.2,m,188.1,m,36.93230664518036,140.68957978826296
493.0,2023-02-05_11:17:15,15.0,km/h,0.1,G,62°NE,6652.4,m,188.4,m,36.932322086363605,140.68958739171381
494.0,2023-02-05_11:17:16,14.8,km/h,-0.0,G,75°E,6651.8,m,187.5,m,36.93231990990923,140.68959312957514
495.0,2023-02-05_11:17:17,17.7,km/h,0.3,G,83°E,6651.4,m,187.4,m,36.932320559621914,140.6895993792228
496.0,2023-02-05_11:17:18,18.2,km/h,0.1,G,86°E,6633.5,m,187.6,m,36.932368509959254,140.68986165879934
497.0,2023-02-05_11:17:19,17.3,km/h,-0.1,G,87°E,6629.8,m,187.4,m,36.93237331803473,140.68991173585175
498.0,2023-02-05_11:17:20,16.9,km/h,-0.0,G,79°E,6626.0,m,187.3,m,36.932377487278956,140.6899631370151
499.0,2023-02-05_11:17:21,16.6,km/h,-0.0,G,64°NE,6622.9,m,187.5,m,36.93239166990147,140.69001337426366
500.0,2023-02-05_11:17:22,16.6,km/h,0.0,G,47°NE,6621.5,m,187.2,m,36.932424259252585,140.69005354109137
501.0,2023-02-05_11:17:23,16.5,km/h,-0.0,G,28°NE,6621.2,m,187.5,m,36.932461700082186,140.69008303932097
502.0,2023-02-05_11:17:24,16.8,km/h,0.0,G,9°N,6623.1,m,187.5,m,36.93250787382726,140.69009073612096
503.0,2023-02-05_11:17:25,16.4,km/h,-0.0,G,350°N,6626.6,m,187.5,m,36.93255131048222,140.69007633279733
504.0,2023-02-05_11:17:26,15.0,km/h,-0.1,G,325°NW,6630.5,m,187.7,m,36.93258253511204,140.69004766593687
505.0,2023-02-05_11:17:27,16.0,km/h,0.1,G,313°NW,6635.4,m,187.8,m,36.93260651326398,140.69000150908437
506.0,2023-02-05_11:17:28,16.8,km/h,0.1,G,297°NW,6640.1,m,187.6,m,36.932621015277704,140.68995020692023
507.0,2023-02-05_11:17:29,16.5,km/h,-0.0,G,284°W,6644.4,m,187.8,m,36.93262405741787,140.68989733380843
508.0,2023-02-05_11:17:30,15.7,km/h,-0.1,G,278°W,6648.1,m,187.9,m,36.9326215556547,140.68984777588335
509.0,2023-02-05_11:17:31,15.0,km/h,-0.1,G,278°W,6651.6,m,188.0,m,36.93261847602607,140.6898013138623
510.0,2023-02-05_11:17:32,12.6,km/h,-0.2,G,276°W,6654.4,m,187.9,m,36.93261571118407,140.68976312818904
511.0,2023-02-05_11:17:33,7.8,km/h,-0.5,G,277°W,6655.8,m,187.7,m,36.932613114645775,140.6897433502193
512.0,2023-02-05_11:17:34,0.0,km/h,0.0,G,277°W,6655.7,m,187.8,m,36.93261391215004,140.6897452175651
513.0,2023-02-05_11:17:35,0.0,km/h,0.0,G,277°W,6655.7,m,187.8,m,36.93261459457306,140.68974585532698
